control,nombre_traduccion_libre,objetivo,nombre_objetivo,aplica_a_orientativo,esfuerzo_estimado,frente_a_iso27001,iso27001_2022_relacionado,resumen,evidencia_tipica,aplica_si_no,justificacion,estado_implementacion,evidencia_real,responsable
A.2.2,Política de IA,A.2,Políticas relacionadas con la IA,Usa IA de terceros / Desarrolla IA / Provee IA a clientes,medio,Similar,5.1,Documentar una política aprobada por la dirección que fije principios y reglas para desarrollar o usar sistemas de IA.,Política de IA aprobada y vigente; registro de comunicación; procedimiento de excepciones.,,,,,
A.2.3,Alineación con otras políticas de la organización,A.2,Políticas relacionadas con la IA,Usa IA de terceros / Desarrolla IA / Provee IA a clientes,bajo,Similar,5.1,"Identificar qué otras políticas (seguridad, privacidad, calidad, compras, ética) tocan a la IA y ajustarlas o referenciarlas.",Matriz de cruce entre políticas; políticas actualizadas con referencias a IA.,,,,,
A.2.4,Revisión de la política de IA,A.2,Políticas relacionadas con la IA,Usa IA de terceros / Desarrolla IA / Provee IA a clientes,bajo,Equivalente,5.1,"Revisar la política de IA a intervalos definidos y cuando haya cambios relevantes (legales, técnicos o de negocio).",Historial de versiones; minutas de revisión; insumos de la revisión por la dirección.,,,,,
A.3.2,Roles y responsabilidades de IA,A.3,Organización interna,Usa IA de terceros / Desarrolla IA / Provee IA a clientes,medio,Similar,"5.2, 5.3","Definir y asignar quién hace qué en la IA (riesgos, impacto, datos, supervisión humana, proveedores, cumplimiento legal).",Matriz RACI de IA; descripciones de puesto; nombramientos firmados.,,,,,
A.3.3,Reporte de inquietudes,A.3,Organización interna,Usa IA de terceros / Desarrolla IA / Provee IA a clientes,medio,Similar,6.8,"Habilitar un canal confidencial, con protección contra represalias, para que el personal reporte inquietudes sobre la IA.",Procedimiento del canal; registros de reportes y su atención; comunicación del canal al personal.,,,,,
A.4.2,Documentación de recursos,A.4,Recursos para sistemas de IA,Usa IA de terceros / Desarrolla IA / Provee IA a clientes,medio,Similar,5.9,Identificar y documentar los recursos que cada sistema de IA necesita en cada etapa de su ciclo de vida.,Inventario de sistemas de IA con sus recursos; diagramas de arquitectura y de flujo de datos.,,,,,
A.4.3,Recursos de datos,A.4,Recursos para sistemas de IA,Desarrolla IA / Provee IA a clientes,alto,Nuevo,"5.9, 5.12","Documentar los conjuntos de datos del sistema de IA (origen, fechas, categorías, etiquetado, calidad, sesgos conocidos, retención).",Fichas de conjuntos de datos (datasheets); catálogo de datos; metadatos de versiones.,,,,,
A.4.4,Recursos de herramientas,A.4,Recursos para sistemas de IA,Desarrolla IA / Provee IA a clientes,bajo,Similar,5.9,"Documentar algoritmos, modelos, bibliotecas, plataformas y herramientas usadas para construir y evaluar la IA.",Inventario de herramientas y modelos con versiones; lista de componentes (AI-BOM o SBOM).,,,,,
A.4.5,Recursos de sistema y cómputo,A.4,Recursos para sistemas de IA,Desarrolla IA / Provee IA a clientes,bajo,Equivalente,"5.9, 8.6","Documentar la infraestructura (nube, local, borde), capacidad y su impacto, incluido el ambiental, que usa la IA.",Inventario de infraestructura; planes de capacidad; datos de consumo energético cuando existan.,,,,,
A.4.6,Recursos humanos,A.4,Recursos para sistemas de IA,Usa IA de terceros / Desarrolla IA / Provee IA a clientes,medio,Similar,6.3,"Documentar las personas y competencias necesarias en cada etapa del ciclo de vida, incluidas las de supervisión humana.",Matriz de competencias; planes de capacitación; perfiles de puesto relacionados con IA.,,,,,
A.5.2,Proceso de evaluación de impacto,A.5,Evaluación de impactos de los sistemas de IA,Usa IA de terceros / Desarrolla IA / Provee IA a clientes,alto,Nuevo,—,"Establecer un proceso para valorar las consecuencias que un sistema de IA puede tener en personas, grupos y sociedades.","Procedimiento de evaluación de impacto con disparadores, responsables, método y criterios.",,,,,
A.5.3,Documentación de las evaluaciones de impacto,A.5,Evaluación de impactos de los sistemas de IA,Usa IA de terceros / Desarrolla IA / Provee IA a clientes,medio,Nuevo,—,Documentar los resultados de cada evaluación de impacto y conservarlos durante un periodo definido.,Evaluaciones de impacto firmadas y versionadas; política de retención aplicada.,,,,,
A.5.4,Evaluación del impacto en individuos o grupos,A.5,Evaluación de impactos de los sistemas de IA,Usa IA de terceros / Desarrolla IA / Provee IA a clientes,alto,Nuevo,—,"Valorar y documentar cómo el sistema puede afectar derechos, oportunidades, seguridad o bienestar de personas y grupos.",Sección de impactos individuales de la evaluación; consulta con expertos o usuarios; medidas de mitigación.,,,,,
A.5.5,Evaluación de impactos sociales,A.5,Evaluación de impactos de los sistemas de IA,Usa IA de terceros / Desarrolla IA / Provee IA a clientes,medio,Nuevo,—,"Valorar y documentar efectos amplios en la sociedad (ambientales, económicos, democráticos, culturales, de salud).",Sección de impactos sociales de la evaluación; análisis de uso indebido; vínculo con la estrategia de sostenibilidad.,,,,,
A.6.1.2,Objetivos para el desarrollo responsable,A.6,Ciclo de vida del sistema de IA,Desarrolla IA / Provee IA a clientes,medio,Nuevo,—,"Definir objetivos de desarrollo responsable (equidad, seguridad, transparencia…) y convertirlos en medidas en cada etapa.",Objetivos documentados; requisitos derivados en historias de usuario o criterios de aceptación.,,,,,
A.6.1.3,Procesos para el diseño y desarrollo responsable,A.6,Ciclo de vida del sistema de IA,Desarrolla IA / Provee IA a clientes,alto,Similar,"8.25, 8.27","Definir el proceso de desarrollo de IA con etapas, pruebas, aprobaciones, criterios de liberación y supervisión humana.",Procedimiento del ciclo de vida; puertas de aprobación (stage gates); registros de aprobaciones.,,,,,
A.6.2.2,Requisitos y especificación,A.6,Ciclo de vida del sistema de IA,Desarrolla IA / Provee IA a clientes,medio,Similar,8.26,Especificar y documentar por qué y para qué se construye o mejora un sistema de IA y qué requisitos debe cumplir.,"Documento de requisitos o caso de negocio; requisitos de datos, desempeño y supervisión.",,,,,
A.6.2.3,Documentación del diseño y desarrollo,A.6,Ciclo de vida del sistema de IA,Desarrolla IA / Provee IA a clientes,medio,Similar,"8.27, 8.28","Documentar las decisiones de diseño (enfoque de aprendizaje, modelo, datos, amenazas, interfaz humana) y la arquitectura final.",Documento de diseño; registros de decisiones de arquitectura (ADR); modelo de amenazas de IA.,,,,,
A.6.2.4,Verificación y validación,A.6,Ciclo de vida del sistema de IA,Desarrolla IA / Provee IA a clientes,alto,Similar,8.29,"Definir cómo se prueba el sistema de IA, con qué datos y con qué criterios de aceptación, incluidos sesgo y robustez.",Plan de pruebas; reportes de evaluación por segmento; criterios de liberación firmados.,,,,,
A.6.2.5,Despliegue,A.6,Ciclo de vida del sistema de IA,Usa IA de terceros / Desarrolla IA / Provee IA a clientes,medio,Similar,"8.31, 8.32",Documentar un plan de despliegue y verificar que se cumplen los requisitos antes de poner el sistema en producción.,Plan de despliegue; lista de verificación de salida a producción; aprobación de la dirección.,,,,,
A.6.2.6,Operación y monitoreo,A.6,Ciclo de vida del sistema de IA,Usa IA de terceros / Desarrolla IA / Provee IA a clientes,alto,Similar,"8.16, 8.6, 8.8","Definir cómo se opera, monitorea (desempeño, deriva, amenazas propias de la IA), repara, actualiza y da soporte al sistema.",Tableros de monitoreo; umbrales y alertas de deriva; registros de cambios y soporte.,,,,,
A.6.2.7,Documentación técnica,A.6,Ciclo de vida del sistema de IA,Desarrolla IA / Provee IA a clientes,medio,Nuevo,5.37,"Determinar qué documentación técnica necesita cada parte interesada (usuarios, socios, autoridades) y entregarla en forma adecuada.",Ficha del sistema o del modelo; manual de operación; plan de manejo de fallas.,,,,,
A.6.2.8,Registro de eventos,A.6,Ciclo de vida del sistema de IA,Usa IA de terceros / Desarrolla IA / Provee IA a clientes,medio,Similar,"8.15, 8.17","Decidir en qué etapas se registran eventos del sistema de IA, como mínimo durante su uso, y cuánto tiempo se conservan.",Configuración de bitácoras; muestras de registros; política de retención de registros.,,,,,
A.7.2,Datos para desarrollo y mejora,A.7,Datos para sistemas de IA,Desarrolla IA / Provee IA a clientes,alto,Nuevo,—,"Definir e implementar procesos de gestión de datos para desarrollar y mejorar sistemas de IA (privacidad, seguridad, representatividad).",Procedimiento de gestión de datos para IA; aprobaciones de uso de datos; análisis de representatividad.,,,,,
A.7.3,Adquisición de datos,A.7,Datos para sistemas de IA,Desarrolla IA / Provee IA a clientes,medio,Nuevo,—,"Documentar cómo se obtienen y seleccionan los datos (fuentes, cantidad, derechos de uso, datos personales, sesgos conocidos).",Registro de fuentes de datos; licencias y contratos de datos; base legal del tratamiento.,,,,,
A.7.4,Calidad de los datos,A.7,Datos para sistemas de IA,Usa IA de terceros / Desarrolla IA / Provee IA a clientes,alto,Nuevo,—,"Definir requisitos de calidad de datos y comprobar que los datos de entrenamiento, prueba y operación los cumplen.",Requisitos de calidad por conjunto; reportes de perfilado; métricas de sesgo y completitud.,,,,,
A.7.5,Procedencia de los datos,A.7,Datos para sistemas de IA,Desarrolla IA / Provee IA a clientes,medio,Nuevo,—,Registrar de dónde vienen los datos y qué transformaciones y transferencias han sufrido durante su ciclo de vida.,Registros de linaje (lineage); versionado de conjuntos de datos; cadena de custodia.,,,,,
A.7.6,Preparación de los datos,A.7,Datos para sistemas de IA,Desarrolla IA / Provee IA a clientes,medio,Nuevo,—,"Definir criterios y métodos de preparación (limpieza, imputación, normalización, etiquetado, codificación) y documentarlos.",Procedimiento o cuaderno de preparación versionado; justificación de transformaciones; guía de etiquetado.,,,,,
A.8.2,Documentación del sistema e información para usuarios,A.8,Información para las partes interesadas,Usa IA de terceros / Desarrolla IA / Provee IA a clientes,medio,Nuevo,—,"Dar a los usuarios la información que necesitan (que interactúan con IA, propósito, límites, cómo anular o escalar).",Avisos de interacción con IA; instrucciones de uso; criterios documentados de qué informar.,,,,,
A.8.3,Reporte externo,A.8,Información para las partes interesadas,Usa IA de terceros / Desarrolla IA / Provee IA a clientes,bajo,Nuevo,6.8,Ofrecer a usuarios y terceros un medio para reportar impactos adversos del sistema de IA y darle seguimiento.,Formulario o buzón publicado; registro de reportes recibidos y su atención.,,,,,
A.8.4,Comunicación de incidentes,A.8,Información para las partes interesadas,Usa IA de terceros / Desarrolla IA / Provee IA a clientes,medio,Similar,"5.24, 5.26, 5.5","Documentar un plan para comunicar incidentes de IA a los usuarios y, cuando aplique, a autoridades.",Plan de comunicación de incidentes de IA; plantillas de aviso; registros de notificaciones.,,,,,
A.8.5,Información para las partes interesadas,A.8,Información para las partes interesadas,Usa IA de terceros / Desarrolla IA / Provee IA a clientes,medio,Similar,"5.31, 5.5","Identificar y documentar las obligaciones de informar sobre el sistema de IA a clientes, reguladores u otras partes.",Registro de obligaciones de reporte; reportes entregados; contactos con autoridades.,,,,,
A.9.2,Procesos para el uso responsable,A.9,Uso de sistemas de IA,Usa IA de terceros / Desarrolla IA,medio,Similar,5.10,"Definir cómo se decide y aprueba el uso de un sistema de IA (aprobaciones, costos, compras, requisitos legales).",Procedimiento de alta de casos de uso de IA; política de uso aceptable; aprobaciones registradas.,,,,,
A.9.3,Objetivos para el uso responsable,A.9,Uso de sistemas de IA,Usa IA de terceros / Desarrolla IA,bajo,Nuevo,—,"Fijar objetivos de uso responsable (equidad, transparencia, privacidad…) y decidir dónde se necesita supervisión humana.",Objetivos de uso documentados; definición de puntos de supervisión humana; indicadores.,,,,,
A.9.4,Uso previsto del sistema de IA,A.9,Uso de sistemas de IA,Usa IA de terceros / Desarrolla IA,medio,Nuevo,—,"Asegurar que el sistema se usa conforme a su uso previsto y su documentación, y escalar cuando no sea así.",Declaración de uso previsto; registros de operación; escalamientos al proveedor.,,,,,
A.10.2,Asignación de responsabilidades,A.10,Relaciones con terceros y clientes,Usa IA de terceros / Desarrolla IA / Provee IA a clientes,medio,Similar,"5.19, 5.20, 5.23","Repartir y documentar las responsabilidades del ciclo de vida entre la organización, socios, proveedores y clientes.",Matriz de responsabilidad compartida; cláusulas contractuales; roles de protección de datos definidos.,,,,,
A.10.3,Proveedores,A.10,Relaciones con terceros y clientes,Usa IA de terceros / Desarrolla IA / Provee IA a clientes,medio,Similar,"5.19, 5.20, 5.21, 5.22","Asegurar que lo que entregan los proveedores (datos, modelos, sistemas) sea coherente con el enfoque responsable de la organización.",Evaluaciones de proveedores de IA; cuestionarios; documentación recibida; seguimiento periódico.,,,,,
A.10.4,Clientes,A.10,Relaciones con terceros y clientes,Provee IA a clientes,medio,Nuevo,5.20,Considerar las necesidades y expectativas de los clientes y comunicarles los límites y responsabilidades del sistema.,Requisitos de clientes; contratos y términos de uso; documentación entregada al cliente.,,,,,
